<?xml version="1.0" encoding="UTF-8"?>
<CODISImportFile xmlns="urn:CODISImportFile-schema"><HEADERVERSION>3.2</HEADERVERSION><MESSAGETYPE>Import</MESSAGETYPE><DESTINATIONORI>IndexII</DESTINATIONORI><SOURCELAB>NFS</SOURCELAB><SUBMITBYUSERID>gmidx</SUBMITBYUSERID><SUBMITDATETIME>2014-03-18T11:23:26.909+09:00</SUBMITDATETIME><SPECIMEN><SPECIMENID>2014-M-5680-1</SPECIMENID><SPECIMENCATEGORY>Arrestee</SPECIMENCATEGORY><SPECIMENCOMMENT>0</SPECIMENCOMMENT><LOCUS KIT="Identifiler"><LOCUSNAME>D8S1179</LOCUSNAME><READINGBY>gmidx</READINGBY><READINGDATETIME>2014-03-17T10:22:46.000+09:00</READINGDATETIME><ALLELE><ALLELEVALUE>12</ALLELEVALUE></ALLELE><ALLELE><ALLELEVALUE>13</ALLELEVALUE></ALLELE></LOCUS><LOCUS KIT="Identifiler"><LOCUSNAME>D21S11</LOCUSNAME><READINGBY>gmidx</READINGBY><READINGDATETIME>2014-03-17T10:22:46.000+09:00</READINGDATETIME><ALLELE><ALLELEVALUE>29</ALLELEVALUE></ALLELE><ALLELE><ALLELEVALUE>31</ALLELEVALUE></ALLELE></LOCUS><LOCUS KIT="Identifiler"><LOCUSNAME>D7S820</LOCUSNAME><READINGBY>gmidx</READINGBY><READINGDATETIME>2014-03-17T10:22:46.000+09:00</READINGDATETIME><ALLELE><ALLELEVALUE>9</ALLELEVALUE></ALLELE><ALLELE><ALLELEVALUE>11</ALLELEVALUE></ALLELE></LOCUS><LOCUS KIT="Identifiler"><LOCUSNAME>CSF1PO</LOCUSNAME><READINGBY>gmidx</READINGBY><READINGDATETIME>2014-03-17T10:22:46.000+09:00</READINGDATETIME><ALLELE><ALLELEVALUE>12</ALLELEVALUE></ALLELE></LOCUS><LOCUS KIT="Identifiler"><LOCUSNAME>D3S1358</LOCUSNAME><READINGBY>gmidx</READINGBY><READINGDATETIME>2014-03-17T10:22:46.000+09:00</READINGDATETIME><ALLELE><ALLELEVALUE>15</ALLELEVALUE></ALLELE></LOCUS><LOCUS KIT="Identifiler"><LOCUSNAME>TH01</LOCUSNAME><READINGBY>gmidx</READINGBY><READINGDATETIME>2014-03-17T10:22:46.000+09:00</READINGDATETIME><ALLELE><ALLELEVALUE>6</ALLELEVALUE></ALLELE><ALLELE><ALLELEVALUE>7</ALLELEVALUE></ALLELE></LOCUS><LOCUS KIT="Identifiler"><LOCUSNAME>D13S317</LOCUSNAME><READINGBY>gmidx</READINGBY><READINGDATETIME>2014-03-17T10:22:46.000+09:00</READINGDATETIME><ALLELE><ALLELEVALUE>8</ALLELEVALUE></ALLELE><ALLELE><ALLELEVALUE>11</ALLELEVALUE></ALLELE></LOCUS><LOCUS KIT="Identifiler"><LOCUSNAME>D16S539</LOCUSNAME><READINGBY>gmidx</READINGBY><READINGDATETIME>2014-03-17T10:22:46.000+09:00</READINGDATETIME><ALLELE><ALLELEVALUE>9</ALLELEVALUE></ALLELE><ALLELE><ALLELEVALUE>11</ALLELEVALUE></ALLELE></LOCUS><LOCUS KIT="Identifiler"><LOCUSNAME>D2S1338</LOCUSNAME><READINGBY>gmidx</READINGBY><READINGDATETIME>2014-03-17T10:22:46.000+09:00</READINGDATETIME><ALLELE><ALLELEVALUE>17</ALLELEVALUE></ALLELE><ALLELE><ALLELEVALUE>24</ALLELEVALUE></ALLELE></LOCUS><LOCUS KIT="Identifiler"><LOCUSNAME>D19S433</LOCUSNAME><READINGBY>gmidx</READINGBY><READINGDATETIME>2014-03-17T10:22:46.000+09:00</READINGDATETIME><ALLELE><ALLELEVALUE>14</ALLELEVALUE></ALLELE><ALLELE><ALLELEVALUE>15</ALLELEVALUE></ALLELE></LOCUS><LOCUS KIT="Identifiler"><LOCUSNAME>vWA</LOCUSNAME><READINGBY>gmidx</READINGBY><READINGDATETIME>2014-03-17T10:22:46.000+09:00</READINGDATETIME><ALLELE><ALLELEVALUE>16</ALLELEVALUE></ALLELE><ALLELE><ALLELEVALUE>18</ALLELEVALUE></ALLELE></LOCUS><LOCUS KIT="Identifiler"><LOCUSNAME>TPOX</LOCUSNAME><READINGBY>gmidx</READINGBY><READINGDATETIME>2014-03-17T10:22:46.000+09:00</READINGDATETIME><ALLELE><ALLELEVALUE>11</ALLELEVALUE></ALLELE></LOCUS><LOCUS KIT="Identifiler"><LOCUSNAME>D18S51</LOCUSNAME><READINGBY>gmidx</READINGBY><READINGDATETIME>2014-03-17T10:22:46.000+09:00</READINGDATETIME><ALLELE><ALLELEVALUE>13</ALLELEVALUE></ALLELE><ALLELE><ALLELEVALUE>17</ALLELEVALUE></ALLELE></LOCUS><LOCUS KIT="Identifiler"><LOCUSNAME>AMEL</LOCUSNAME><READINGBY>gmidx</READINGBY><READINGDATETIME>2014-03-17T10:22:46.000+09:00</READINGDATETIME><ALLELE><ALLELEVALUE>X</ALLELEVALUE></ALLELE><ALLELE><ALLELEVALUE>Y</ALLELEVALUE></ALLELE></LOCUS><LOCUS KIT="Identifiler"><LOCUSNAME>D5S818</LOCUSNAME><READINGBY>gmidx</READINGBY><READINGDATETIME>2014-03-17T10:22:46.000+09:00</READINGDATETIME><ALLELE><ALLELEVALUE>11</ALLELEVALUE></ALLELE></LOCUS><LOCUS KIT="Identifiler"><LOCUSNAME>FGA</LOCUSNAME><READINGBY>gmidx</READINGBY><READINGDATETIME>2014-03-17T10:22:46.000+09:00</READINGDATETIME><ALLELE><ALLELEVALUE>22.2</ALLELEVALUE></ALLELE><ALLELE><ALLELEVALUE>24</ALLELEVALUE></ALLELE></LOCUS></SPECIMEN><SPECIMEN><SPECIMENID>2014-M-5681-1</SPECIMENID><SPECIMENCATEGORY>Arrestee</SPECIMENCATEGORY><SPECIMENCOMMENT>0</SPECIMENCOMMENT><LOCUS KIT="Identifiler"><LOCUSNAME>D8S1179</LOCUSNAME><READINGBY>gmidx</READINGBY><READINGDATETIME>2014-03-13T17:08:30.000+09:00</READINGDATETIME><ALLELE><ALLELEVALUE>10</ALLELEVALUE></ALLELE><ALLELE><ALLELEVALUE>13</ALLELEVALUE></ALLELE></LOCUS><LOCUS KIT="Identifiler"><LOCUSNAME>D21S11</LOCUSNAME><READINGBY>gmidx</READINGBY><READINGDATETIME>2014-03-13T17:08:30.000+09:00</READINGDATETIME><ALLELE><ALLELEVALUE>31</ALLELEVALUE></ALLELE><ALLELE><ALLELEVALUE>32.2</ALLELEVALUE></ALLELE></LOCUS><LOCUS KIT="Identifiler"><LOCUSNAME>D7S820</LOCUSNAME><READINGBY>gmidx</READINGBY><READINGDATETIME>2014-03-13T17:08:30.000+09:00</READINGDATETIME><ALLELE><ALLELEVALUE>8</ALLELEVALUE></ALLELE><ALLELE><ALLELEVALUE>11</ALLELEVALUE></ALLELE></LOCUS><LOCUS KIT="Identifiler"><LOCUSNAME>CSF1PO</LOCUSNAME><READINGBY>gmidx</READINGBY><READINGDATETIME>2014-03-13T17:08:30.000+09:00</READINGDATETIME><ALLELE><ALLELEVALUE>11</ALLELEVALUE></ALLELE></LOCUS><LOCUS KIT="Identifiler"><LOCUSNAME>D3S1358</LOCUSNAME><READINGBY>gmidx</READINGBY><READINGDATETIME>2014-03-13T17:08:30.000+09:00</READINGDATETIME><ALLELE><ALLELEVALUE>17</ALLELEVALUE></ALLELE><ALLELE><ALLELEVALUE>18</ALLELEVALUE></ALLELE></LOCUS><LOCUS KIT="Identifiler"><LOCUSNAME>TH01</LOCUSNAME><READINGBY>gmidx</READINGBY><READINGDATETIME>2014-03-13T17:08:30.000+09:00</READINGDATETIME><ALLELE><ALLELEVALUE>7</ALLELEVALUE></ALLELE></LOCUS><LOCUS KIT="Identifiler"><LOCUSNAME>D13S317</LOCUSNAME><READINGBY>gmidx</READINGBY><READINGDATETIME>2014-03-13T17:08:30.000+09:00</READINGDATETIME><ALLELE><ALLELEVALUE>8</ALLELEVALUE></ALLELE></LOCUS><LOCUS KIT="Identifiler"><LOCUSNAME>D16S539</LOCUSNAME><READINGBY>gmidx</READINGBY><READINGDATETIME>2014-03-13T17:08:30.000+09:00</READINGDATETIME><ALLELE><ALLELEVALUE>11</ALLELEVALUE></ALLELE><ALLELE><ALLELEVALUE>13</ALLELEVALUE></ALLELE></LOCUS><LOCUS KIT="Identifiler"><LOCUSNAME>D2S1338</LOCUSNAME><READINGBY>gmidx</READINGBY><READINGDATETIME>2014-03-13T17:08:30.000+09:00</READINGDATETIME><ALLELE><ALLELEVALUE>23</ALLELEVALUE></ALLELE><ALLELE><ALLELEVALUE>24</ALLELEVALUE></ALLELE></LOCUS><LOCUS KIT="Identifiler"><LOCUSNAME>D19S433</LOCUSNAME><READINGBY>gmidx</READINGBY><READINGDATETIME>2014-03-13T17:08:30.000+09:00</READINGDATETIME><ALLELE><ALLELEVALUE>13</ALLELEVALUE></ALLELE><ALLELE><ALLELEVALUE>15</ALLELEVALUE></ALLELE></LOCUS><LOCUS KIT="Identifiler"><LOCUSNAME>vWA</LOCUSNAME><READINGBY>gmidx</READINGBY><READINGDATETIME>2014-03-13T17:08:30.000+09:00</READINGDATETIME><ALLELE><ALLELEVALUE>17</ALLELEVALUE></ALLELE><ALLELE><ALLELEVALUE>18</ALLELEVALUE></ALLELE></LOCUS><LOCUS KIT="Identifiler"><LOCUSNAME>TPOX</LOCUSNAME><READINGBY>gmidx</READINGBY><READINGDATETIME>2014-03-13T17:08:30.000+09:00</READINGDATETIME><ALLELE><ALLELEVALUE>8</ALLELEVALUE></ALLELE><ALLELE><ALLELEVALUE>9</ALLELEVALUE></ALLELE></LOCUS><LOCUS KIT="Identifiler"><LOCUSNAME>D18S51</LOCUSNAME><READINGBY>gmidx</READINGBY><READINGDATETIME>2014-03-13T17:08:30.000+09:00</READINGDATETIME><ALLELE><ALLELEVALUE>15</ALLELEVALUE></ALLELE><ALLELE><ALLELEVALUE>17</ALLELEVALUE></ALLELE></LOCUS><LOCUS KIT="Identifiler"><LOCUSNAME>AMEL</LOCUSNAME><READINGBY>gmidx</READINGBY><READINGDATETIME>2014-03-13T17:08:30.000+09:00</READINGDATETIME><ALLELE><ALLELEVALUE>X</ALLELEVALUE></ALLELE><ALLELE><ALLELEVALUE>Y</ALLELEVALUE></ALLELE></LOCUS><LOCUS KIT="Identifiler"><LOCUSNAME>D5S818</LOCUSNAME><READINGBY>gmidx</READINGBY><READINGDATETIME>2014-03-13T17:08:30.000+09:00</READINGDATETIME><ALLELE><ALLELEVALUE>10</ALLELEVALUE></ALLELE><ALLELE><ALLELEVALUE>11</ALLELEVALUE></ALLELE></LOCUS><LOCUS KIT="Identifiler"><LOCUSNAME>FGA</LOCUSNAME><READINGBY>gmidx</READINGBY><READINGDATETIME>2014-03-13T17:08:30.000+09:00</READINGDATETIME><ALLELE><ALLELEVALUE>21</ALLELEVALUE></ALLELE><ALLELE><ALLELEVALUE>23</ALLELEVALUE></ALLELE></LOCUS></SPECIMEN></CODISImportFile>